row_type,episode,recovery_index,recovery_frame,threshold_cm,window_requested_frames,blackout_event_count,trigger_count,sam2_requested_count,sam2_inference_call_count,sam2_cache_hit_count,generated_count,accepted_count,used_count,rejected_count,not_generated_count,raw_good_count,accepted_good_count,raw_recovery_error_cm,accepted_recovery_error_cm,fallback_prior_error_cm,raw_minus_fallback_prior_cm,outcome,failure_reason,rejection_reasons,recovery_trigger,recovery_used,recovery_gate_diagnostics,recovery_gate_version,recovery_gate_status,recovery_acceptance_path,recovery_decision_category,recovery_inlier_fraction,recovery_conflict_fraction,recovery_occlusion_fraction,recovery_visible_support_pixels,recovery_inlier_pixels,recovery_visible_mask_explained,recovery_visible_cad_coverage,recovery_inlier_spatial_bins,recovery_global_inlier_fraction,B1_window_frames,B1_window_complete,B1_window_failure_percent,B1_window_auc_percent,B1_full_sequence_auc_percent,B1_latency_success,B1_latency_confirmed_frames,B1_latency_censored,B1_latency_followup_frames,B1_latency_required_good_frames,B2_window_frames,B2_window_complete,B2_window_failure_percent,B2_window_auc_percent,B2_full_sequence_auc_percent,B2_latency_success,B2_latency_confirmed_frames,B2_latency_censored,B2_latency_followup_frames,B2_latency_required_good_frames,B3_window_frames,B3_window_complete,B3_window_failure_percent,B3_window_auc_percent,B3_full_sequence_auc_percent,B3_latency_success,B3_latency_confirmed_frames,B3_latency_censored,B3_latency_followup_frames,B3_latency_required_good_frames,B4_window_frames,B4_window_complete,B4_window_failure_percent,B4_window_auc_percent,B4_full_sequence_auc_percent,B4_latency_success,B4_latency_confirmed_frames,B4_latency_censored,B4_latency_followup_frames,B4_latency_required_good_frames,B5_window_frames,B5_window_complete,B5_window_failure_percent,B5_window_auc_percent,B5_full_sequence_auc_percent,B5_latency_success,B5_latency_confirmed_frames,B5_latency_censored,B5_latency_followup_frames,B5_latency_required_good_frames,aggregation,raw_accuracy_percent,accepted_accuracy_percent,acceptance_percent,rejection_percent,B1_complete_window_count,B1_incomplete_window_count,B2_complete_window_count,B2_incomplete_window_count,B3_complete_window_count,B3_incomplete_window_count,B4_complete_window_count,B4_incomplete_window_count,B5_complete_window_count,B5_incomplete_window_count,variant,base_sequence,object_id
event,cracker_box_reorient_black10,100.0,1.579908951442253e+18,1.0,60,1,1,1,0.0,1,1,1,1,0,0,1,1,0.3906250554493246,0.3906250554493246,0.5093335207444067,-0.1187084652950821,accepted,,[],blackout_exit,True,"{""recovery_gate_version"": ""occlusion_aware_v1_development"", ""recovery_gate_status"": ""development_unvalidated"", ""recovery_gate_config"": {""version"": ""occlusion_aware_v1_development"", ""status"": ""development_unvalidated"", ""min_support"": 50, ""min_inliers"": 50, ""min_depth_m"": 0.05, ""max_depth_m"": 5.0, ""depth_tolerance_floor_m"": 0.01, ""depth_tolerance_diameter_fraction"": 0.05, ""max_conflict_fraction"": 0.1, ""min_global_inlier_fraction"": 0.1, ""min_mask_explained"": 0.6, ""normal_min_cad_coverage"": 0.3, ""normal_min_inlier_fraction"": 0.6, ""normal_min_spatial_bins"": 3, ""occluded_min_cad_coverage"": 0.1, ""occluded_min_inlier_fraction"": 0.8, ""occluded_min_spatial_bins"": 4, ""min_occlusion_fraction"": 0.1, ""spatial_grid_size"": 4, ""rotation_tolerance"": 0.001}, ""recovery_acceptance_path"": ""normal"", ""recovery_decision_category"": ""accepted"", ""recovery_hard_gate_pass"": true, ""recovery_rejection_reasons"": [], ""recovery_pose_valid"": true, ""accepted_recovery"": true, ""raw_recovery_generated"": true, ""recovery_depth_tolerance_m"": 0.013915767354515524, ""recovery_comparable_pixels"": 1701, ""recovery_visible_support_pixels"": 896, ""recovery_inlier_pixels"": 895, ""recovery_occlusion_fraction"": 0.41975308641975306, ""recovery_conflict_fraction"": 0.0, ""recovery_inlier_fraction"": 0.9988839285714286, ""recovery_global_inlier_fraction"": 0.5261610817166372, ""recovery_visible_mask_explained"": 0.9871469137647586, ""recovery_visible_cad_coverage"": 0.875182191599311, ""recovery_inlier_spatial_bins"": 16, ""recovery_depth_method"": ""sparse_cad_point_zbuffer"", ""recovery_normal_path_pass"": true, ""recovery_occlusion_path_pass"": true}",occlusion_aware_v1_development,development_unvalidated,normal,accepted,0.9988839285714286,0.0,0.419753086419753,896.0,895.0,0.9871469137647586,0.875182191599311,16.0,0.5261610817166372,60.0,1.0,3.333333333333333,95.14347681014348,53.43890557223892,1.0,6.0,0.0,60.0,5.0,60.0,1.0,3.333333333333333,94.73473473473474,53.35855855855856,1.0,6.0,0.0,60.0,5.0,60.0,1.0,3.333333333333333,95.14347681014348,53.73453453453454,1.0,6.0,0.0,60.0,5.0,60.0,1.0,3.333333333333333,94.9366032699366,53.40767434100767,1.0,6.0,0.0,60.0,5.0,60.0,1.0,0.0,95.5472138805472,59.65352018685349,1.0,4.0,0.0,60.0,5.0,,,,,,,,,,,,,,,,no_observer_reseed,cracker_box_reorient,003_cracker_box
event,cracker_box_reorient_black10_2,260.0,1.5799089609657413e+18,1.0,60,1,1,1,0.0,1,1,1,1,0,0,1,1,0.306433321267284,0.306433321267284,43.160638646289634,-42.85420532502235,accepted,,[],blackout_exit,True,"{""recovery_gate_version"": ""occlusion_aware_v1_development"", ""recovery_gate_status"": ""development_unvalidated"", ""recovery_gate_config"": {""version"": ""occlusion_aware_v1_development"", ""status"": ""development_unvalidated"", ""min_support"": 50, ""min_inliers"": 50, ""min_depth_m"": 0.05, ""max_depth_m"": 5.0, ""depth_tolerance_floor_m"": 0.01, ""depth_tolerance_diameter_fraction"": 0.05, ""max_conflict_fraction"": 0.1, ""min_global_inlier_fraction"": 0.1, ""min_mask_explained"": 0.6, ""normal_min_cad_coverage"": 0.3, ""normal_min_inlier_fraction"": 0.6, ""normal_min_spatial_bins"": 3, ""occluded_min_cad_coverage"": 0.1, ""occluded_min_inlier_fraction"": 0.8, ""occluded_min_spatial_bins"": 4, ""min_occlusion_fraction"": 0.1, ""spatial_grid_size"": 4, ""rotation_tolerance"": 0.001}, ""recovery_acceptance_path"": ""normal"", ""recovery_decision_category"": ""accepted"", ""recovery_hard_gate_pass"": true, ""recovery_rejection_reasons"": [], ""recovery_pose_valid"": true, ""accepted_recovery"": true, ""raw_recovery_generated"": true, ""recovery_depth_tolerance_m"": 0.013915767354515524, ""recovery_comparable_pixels"": 1269, ""recovery_visible_support_pixels"": 517, ""recovery_inlier_pixels"": 516, ""recovery_occlusion_fraction"": 0.5752561071710008, ""recovery_conflict_fraction"": 0.025974025974025976, ""recovery_inlier_fraction"": 0.9980657640232108, ""recovery_global_inlier_fraction"": 0.4066193853427896, ""recovery_visible_mask_explained"": 0.9742356578495363, ""recovery_visible_cad_coverage"": 0.8976577336990926, ""recovery_inlier_spatial_bins"": 15, ""recovery_depth_method"": ""sparse_cad_point_zbuffer"", ""recovery_normal_path_pass"": true, ""recovery_occlusion_path_pass"": true}",occlusion_aware_v1_development,development_unvalidated,normal,accepted,0.9980657640232108,0.0259740259740259,0.5752561071710008,517.0,516.0,0.9742356578495364,0.8976577336990926,15.0,0.4066193853427896,60.0,1.0,100.0,0.0,53.82515849182517,0.0,,1.0,60.0,5.0,60.0,1.0,100.0,0.0,53.80460460460461,0.0,,1.0,60.0,5.0,60.0,1.0,100.0,0.0,53.85438772105439,0.0,,1.0,60.0,5.0,60.0,1.0,100.0,0.0,53.82702702702703,0.0,,1.0,60.0,5.0,60.0,1.0,98.33333333333331,1.6157824491157815,60.23063063063064,0.0,,1.0,60.0,5.0,,,,,,,,,,,,,,,,no_observer_reseed,cracker_box_reorient,003_cracker_box
event,cracker_box_reorient_black10_3,160.0,1.579908955061542e+18,1.0,60,1,1,1,0.0,1,1,1,1,0,0,1,1,0.394141852228596,0.394141852228596,0.5559870977179533,-0.1618452454893573,accepted,,[],blackout_exit,True,"{""recovery_gate_version"": ""occlusion_aware_v1_development"", ""recovery_gate_status"": ""development_unvalidated"", ""recovery_gate_config"": {""version"": ""occlusion_aware_v1_development"", ""status"": ""development_unvalidated"", ""min_support"": 50, ""min_inliers"": 50, ""min_depth_m"": 0.05, ""max_depth_m"": 5.0, ""depth_tolerance_floor_m"": 0.01, ""depth_tolerance_diameter_fraction"": 0.05, ""max_conflict_fraction"": 0.1, ""min_global_inlier_fraction"": 0.1, ""min_mask_explained"": 0.6, ""normal_min_cad_coverage"": 0.3, ""normal_min_inlier_fraction"": 0.6, ""normal_min_spatial_bins"": 3, ""occluded_min_cad_coverage"": 0.1, ""occluded_min_inlier_fraction"": 0.8, ""occluded_min_spatial_bins"": 4, ""min_occlusion_fraction"": 0.1, ""spatial_grid_size"": 4, ""rotation_tolerance"": 0.001}, ""recovery_acceptance_path"": ""normal"", ""recovery_decision_category"": ""accepted"", ""recovery_hard_gate_pass"": true, ""recovery_rejection_reasons"": [], ""recovery_pose_valid"": true, ""accepted_recovery"": true, ""raw_recovery_generated"": true, ""recovery_depth_tolerance_m"": 0.013915767354515524, ""recovery_comparable_pixels"": 1687, ""recovery_visible_support_pixels"": 882, ""recovery_inlier_pixels"": 878, ""recovery_occlusion_fraction"": 0.4090100770598696, ""recovery_conflict_fraction"": 0.0, ""recovery_inlier_fraction"": 0.9954648526077098, ""recovery_global_inlier_fraction"": 0.5204505038529935, ""recovery_visible_mask_explained"": 0.9830760095011877, ""recovery_visible_cad_coverage"": 0.8708574434508154, ""recovery_inlier_spatial_bins"": 16, ""recovery_depth_method"": ""sparse_cad_point_zbuffer"", ""recovery_normal_path_pass"": true, ""recovery_occlusion_path_pass"": true}",occlusion_aware_v1_development,development_unvalidated,normal,accepted,0.9954648526077098,0.0,0.4090100770598696,882.0,878.0,0.9830760095011876,0.8708574434508154,16.0,0.5204505038529935,60.0,1.0,28.33333333333333,81.65248581915249,53.43890557223892,1.0,6.0,0.0,60.0,5.0,60.0,1.0,30.0,81.13029696363029,53.36282949616283,1.0,6.0,0.0,60.0,5.0,60.0,1.0,28.33333333333333,81.65248581915249,53.74721388054722,1.0,6.0,0.0,60.0,5.0,60.0,1.0,28.33333333333333,81.4456122789456,53.405805805805805,1.0,6.0,0.0,60.0,5.0,60.0,1.0,6.666666666666667,94.15915915915916,59.9566232899566,1.0,4.0,0.0,60.0,5.0,,,,,,,,,,,,,,,,no_observer_reseed,cracker_box_reorient,003_cracker_box
event,cracker_box_reorient_black10_4,190.0,1.579908956858691e+18,1.0,60,1,1,1,0.0,1,1,1,1,0,0,1,1,0.39611016581489,0.39611016581489,9.605218787642492,-9.209108621827603,accepted,,[],blackout_exit,True,"{""recovery_gate_version"": ""occlusion_aware_v1_development"", ""recovery_gate_status"": ""development_unvalidated"", ""recovery_gate_config"": {""version"": ""occlusion_aware_v1_development"", ""status"": ""development_unvalidated"", ""min_support"": 50, ""min_inliers"": 50, ""min_depth_m"": 0.05, ""max_depth_m"": 5.0, ""depth_tolerance_floor_m"": 0.01, ""depth_tolerance_diameter_fraction"": 0.05, ""max_conflict_fraction"": 0.1, ""min_global_inlier_fraction"": 0.1, ""min_mask_explained"": 0.6, ""normal_min_cad_coverage"": 0.3, ""normal_min_inlier_fraction"": 0.6, ""normal_min_spatial_bins"": 3, ""occluded_min_cad_coverage"": 0.1, ""occluded_min_inlier_fraction"": 0.8, ""occluded_min_spatial_bins"": 4, ""min_occlusion_fraction"": 0.1, ""spatial_grid_size"": 4, ""rotation_tolerance"": 0.001}, ""recovery_acceptance_path"": ""normal"", ""recovery_decision_category"": ""accepted"", ""recovery_hard_gate_pass"": true, ""recovery_rejection_reasons"": [], ""recovery_pose_valid"": true, ""accepted_recovery"": true, ""raw_recovery_generated"": true, ""recovery_depth_tolerance_m"": 0.013915767354515524, ""recovery_comparable_pixels"": 1638, ""recovery_visible_support_pixels"": 843, ""recovery_inlier_pixels"": 827, ""recovery_occlusion_fraction"": 0.442002442002442, ""recovery_conflict_fraction"": 0.016411378555798686, ""recovery_inlier_fraction"": 0.9810201660735468, ""recovery_global_inlier_fraction"": 0.5048840048840049, ""recovery_visible_mask_explained"": 0.9783634480377489, ""recovery_visible_cad_coverage"": 0.8750386001029337, ""recovery_inlier_spatial_bins"": 15, ""recovery_depth_method"": ""sparse_cad_point_zbuffer"", ""recovery_normal_path_pass"": true, ""recovery_occlusion_path_pass"": true}",occlusion_aware_v1_development,development_unvalidated,normal,accepted,0.9810201660735468,0.0164113785557986,0.442002442002442,843.0,827.0,0.9783634480377488,0.8750386001029337,15.0,0.5048840048840049,60.0,1.0,100.0,0.0,46.85845845845845,0.0,,1.0,60.0,5.0,60.0,1.0,100.0,0.0,46.864330997664325,0.0,,1.0,60.0,5.0,60.0,1.0,100.0,0.0,47.45145145145145,0.0,,1.0,60.0,5.0,60.0,1.0,100.0,0.0,46.85845845845845,0.0,,1.0,60.0,5.0,60.0,1.0,23.33333333333333,92.24724724724724,93.51124457791124,1.0,9.0,0.0,60.0,5.0,,,,,,,,,,,,,,,,no_observer_reseed,cracker_box_reorient,003_cracker_box
event,cracker_box_reorient_black10_5,310.0,1.5799089639396198e+18,1.0,60,1,1,1,0.0,1,1,1,1,0,0,1,1,0.2385075724279691,0.2385075724279691,44.50007033024352,-44.261562757815554,accepted,,[],blackout_exit,True,"{""recovery_gate_version"": ""occlusion_aware_v1_development"", ""recovery_gate_status"": ""development_unvalidated"", ""recovery_gate_config"": {""version"": ""occlusion_aware_v1_development"", ""status"": ""development_unvalidated"", ""min_support"": 50, ""min_inliers"": 50, ""min_depth_m"": 0.05, ""max_depth_m"": 5.0, ""depth_tolerance_floor_m"": 0.01, ""depth_tolerance_diameter_fraction"": 0.05, ""max_conflict_fraction"": 0.1, ""min_global_inlier_fraction"": 0.1, ""min_mask_explained"": 0.6, ""normal_min_cad_coverage"": 0.3, ""normal_min_inlier_fraction"": 0.6, ""normal_min_spatial_bins"": 3, ""occluded_min_cad_coverage"": 0.1, ""occluded_min_inlier_fraction"": 0.8, ""occluded_min_spatial_bins"": 4, ""min_occlusion_fraction"": 0.1, ""spatial_grid_size"": 4, ""rotation_tolerance"": 0.001}, ""recovery_acceptance_path"": ""normal"", ""recovery_decision_category"": ""accepted"", ""recovery_hard_gate_pass"": true, ""recovery_rejection_reasons"": [], ""recovery_pose_valid"": true, ""accepted_recovery"": true, ""raw_recovery_generated"": true, ""recovery_depth_tolerance_m"": 0.013915767354515524, ""recovery_comparable_pixels"": 1276, ""recovery_visible_support_pixels"": 522, ""recovery_inlier_pixels"": 520, ""recovery_occlusion_fraction"": 0.5556426332288401, ""recovery_conflict_fraction"": 0.054673721340388004, ""recovery_inlier_fraction"": 0.9961685823754789, ""recovery_global_inlier_fraction"": 0.40752351097178685, ""recovery_visible_mask_explained"": 0.980985000590528, ""recovery_visible_cad_coverage"": 0.8761603375527426, ""recovery_inlier_spatial_bins"": 15, ""recovery_depth_method"": ""sparse_cad_point_zbuffer"", ""recovery_normal_path_pass"": true, ""recovery_occlusion_path_pass"": true}",occlusion_aware_v1_development,development_unvalidated,normal,accepted,0.9961685823754788,0.054673721340388,0.5556426332288401,522.0,520.0,0.980985000590528,0.8761603375527426,15.0,0.4075235109717868,60.0,1.0,100.0,0.0,53.8296963630297,0.0,,1.0,60.0,5.0,60.0,1.0,100.0,0.0,53.80967634300967,0.0,,1.0,60.0,5.0,60.0,1.0,100.0,0.0,53.88455121788456,0.0,,1.0,60.0,5.0,60.0,1.0,100.0,0.0,53.83156489823156,0.0,,1.0,60.0,5.0,60.0,1.0,16.666666666666664,80.95011678345013,74.69883216549881,1.0,17.0,0.0,60.0,5.0,,,,,,,,,,,,,,,,no_observer_reseed,cracker_box_reorient,003_cracker_box
event,cracker_box_yalehand0_black10,100.0,100.0,1.0,60,1,1,1,0.0,1,1,1,1,0,0,1,1,0.3430430767624516,0.3430430767624516,0.5025672089009237,-0.159524132138472,accepted,,[],blackout_exit,True,"{""recovery_gate_version"": ""occlusion_aware_v1_development"", ""recovery_gate_status"": ""development_unvalidated"", ""recovery_gate_config"": {""version"": ""occlusion_aware_v1_development"", ""status"": ""development_unvalidated"", ""min_support"": 50, ""min_inliers"": 50, ""min_depth_m"": 0.05, ""max_depth_m"": 5.0, ""depth_tolerance_floor_m"": 0.01, ""depth_tolerance_diameter_fraction"": 0.05, ""max_conflict_fraction"": 0.1, ""min_global_inlier_fraction"": 0.1, ""min_mask_explained"": 0.6, ""normal_min_cad_coverage"": 0.3, ""normal_min_inlier_fraction"": 0.6, ""normal_min_spatial_bins"": 3, ""occluded_min_cad_coverage"": 0.1, ""occluded_min_inlier_fraction"": 0.8, ""occluded_min_spatial_bins"": 4, ""min_occlusion_fraction"": 0.1, ""spatial_grid_size"": 4, ""rotation_tolerance"": 0.001}, ""recovery_acceptance_path"": ""normal"", ""recovery_decision_category"": ""accepted"", ""recovery_hard_gate_pass"": true, ""recovery_rejection_reasons"": [], ""recovery_pose_valid"": true, ""accepted_recovery"": true, ""raw_recovery_generated"": true, ""recovery_depth_tolerance_m"": 0.013915767354515524, ""recovery_comparable_pixels"": 680, ""recovery_visible_support_pixels"": 192, ""recovery_inlier_pixels"": 162, ""recovery_occlusion_fraction"": 0.4632352941176471, ""recovery_conflict_fraction"": 0.0547945205479452, ""recovery_inlier_fraction"": 0.84375, ""recovery_global_inlier_fraction"": 0.23823529411764705, ""recovery_visible_mask_explained"": 1.0, ""recovery_visible_cad_coverage"": 0.5543878087230688, ""recovery_inlier_spatial_bins"": 9, ""recovery_depth_method"": ""sparse_cad_point_zbuffer"", ""recovery_normal_path_pass"": true, ""recovery_occlusion_path_pass"": true}",occlusion_aware_v1_development,development_unvalidated,normal,accepted,0.84375,0.0547945205479452,0.4632352941176471,192.0,162.0,1.0,0.5543878087230688,9.0,0.238235294117647,60.0,1.0,100.0,0.0,0.4040212028154755,0.0,,1.0,60.0,5.0,60.0,1.0,100.0,0.0,0.4011547342368743,0.0,,1.0,60.0,5.0,60.0,1.0,100.0,0.0,0.3579691220987377,0.0,,1.0,60.0,5.0,60.0,1.0,100.0,0.0,0.4033423023626489,0.0,,1.0,60.0,5.0,60.0,1.0,0.0,96.353019686353,92.58870777333476,1.0,4.0,0.0,60.0,5.0,,,,,,,,,,,,,,,,no_observer_reseed,cracker_box_yalehand0,003_cracker_box
event,cracker_box_yalehand0_black10_2,260.0,260.0,1.0,60,1,1,1,0.0,1,1,1,1,0,0,1,1,0.3733232446910616,0.3733232446910616,1.0286289884350184,-0.6553057437439567,accepted,,[],blackout_exit,True,"{""recovery_gate_version"": ""occlusion_aware_v1_development"", ""recovery_gate_status"": ""development_unvalidated"", ""recovery_gate_config"": {""version"": ""occlusion_aware_v1_development"", ""status"": ""development_unvalidated"", ""min_support"": 50, ""min_inliers"": 50, ""min_depth_m"": 0.05, ""max_depth_m"": 5.0, ""depth_tolerance_floor_m"": 0.01, ""depth_tolerance_diameter_fraction"": 0.05, ""max_conflict_fraction"": 0.1, ""min_global_inlier_fraction"": 0.1, ""min_mask_explained"": 0.6, ""normal_min_cad_coverage"": 0.3, ""normal_min_inlier_fraction"": 0.6, ""normal_min_spatial_bins"": 3, ""occluded_min_cad_coverage"": 0.1, ""occluded_min_inlier_fraction"": 0.8, ""occluded_min_spatial_bins"": 4, ""min_occlusion_fraction"": 0.1, ""spatial_grid_size"": 4, ""rotation_tolerance"": 0.001}, ""recovery_acceptance_path"": ""normal"", ""recovery_decision_category"": ""accepted"", ""recovery_hard_gate_pass"": true, ""recovery_rejection_reasons"": [], ""recovery_pose_valid"": true, ""accepted_recovery"": true, ""raw_recovery_generated"": true, ""recovery_depth_tolerance_m"": 0.013915767354515524, ""recovery_comparable_pixels"": 786, ""recovery_visible_support_pixels"": 151, ""recovery_inlier_pixels"": 117, ""recovery_occlusion_fraction"": 0.43765903307888043, ""recovery_conflict_fraction"": 0.07918552036199095, ""recovery_inlier_fraction"": 0.7748344370860927, ""recovery_global_inlier_fraction"": 0.14885496183206107, ""recovery_visible_mask_explained"": 1.0, ""recovery_visible_cad_coverage"": 0.5066073531335863, ""recovery_inlier_spatial_bins"": 7, ""recovery_depth_method"": ""sparse_cad_point_zbuffer"", ""recovery_normal_path_pass"": true, ""recovery_occlusion_path_pass"": false}",occlusion_aware_v1_development,development_unvalidated,normal,accepted,0.7748344370860927,0.0791855203619909,0.4376590330788804,151.0,117.0,1.0,0.5066073531335863,7.0,0.148854961832061,60.0,1.0,100.0,0.0,0.3918387113564204,0.0,,1.0,60.0,5.0,60.0,1.0,100.0,0.0,0.3886705092432296,0.0,,1.0,60.0,5.0,60.0,1.0,100.0,0.0,0.3580445554823852,0.0,,1.0,60.0,5.0,60.0,1.0,100.0,0.0,0.3916878445891256,0.0,,1.0,60.0,5.0,60.0,1.0,3.333333333333333,95.10677344010678,92.78181723547212,1.0,4.0,0.0,60.0,5.0,,,,,,,,,,,,,,,,no_observer_reseed,cracker_box_yalehand0,003_cracker_box
event,cracker_box_yalehand0_black10_3,340.0,340.0,1.0,60,1,1,1,0.0,1,1,1,1,0,0,1,1,0.5214256924043736,0.5214256924043736,2.513389944460643,-1.9919642520562693,accepted,,[],blackout_exit,True,"{""recovery_gate_version"": ""occlusion_aware_v1_development"", ""recovery_gate_status"": ""development_unvalidated"", ""recovery_gate_config"": {""version"": ""occlusion_aware_v1_development"", ""status"": ""development_unvalidated"", ""min_support"": 50, ""min_inliers"": 50, ""min_depth_m"": 0.05, ""max_depth_m"": 5.0, ""depth_tolerance_floor_m"": 0.01, ""depth_tolerance_diameter_fraction"": 0.05, ""max_conflict_fraction"": 0.1, ""min_global_inlier_fraction"": 0.1, ""min_mask_explained"": 0.6, ""normal_min_cad_coverage"": 0.3, ""normal_min_inlier_fraction"": 0.6, ""normal_min_spatial_bins"": 3, ""occluded_min_cad_coverage"": 0.1, ""occluded_min_inlier_fraction"": 0.8, ""occluded_min_spatial_bins"": 4, ""min_occlusion_fraction"": 0.1, ""spatial_grid_size"": 4, ""rotation_tolerance"": 0.001}, ""recovery_acceptance_path"": ""normal"", ""recovery_decision_category"": ""accepted"", ""recovery_hard_gate_pass"": true, ""recovery_rejection_reasons"": [], ""recovery_pose_valid"": true, ""accepted_recovery"": true, ""raw_recovery_generated"": true, ""recovery_depth_tolerance_m"": 0.013915767354515524, ""recovery_comparable_pixels"": 642, ""recovery_visible_support_pixels"": 251, ""recovery_inlier_pixels"": 245, ""recovery_occlusion_fraction"": 0.543613707165109, ""recovery_conflict_fraction"": 0.013651877133105802, ""recovery_inlier_fraction"": 0.9760956175298805, ""recovery_global_inlier_fraction"": 0.38161993769470404, ""recovery_visible_mask_explained"": 1.0, ""recovery_visible_cad_coverage"": 0.5718082668866282, ""recovery_inlier_spatial_bins"": 8, ""recovery_depth_method"": ""sparse_cad_point_zbuffer"", ""recovery_normal_path_pass"": true, ""recovery_occlusion_path_pass"": true}",occlusion_aware_v1_development,development_unvalidated,normal,accepted,0.9760956175298804,0.0136518771331058,0.543613707165109,251.0,245.0,1.0,0.5718082668866282,8.0,0.381619937694704,60.0,1.0,100.0,0.0,0.3888968093941717,0.0,,1.0,60.0,5.0,60.0,1.0,100.0,0.0,0.3858794740482758,0.0,,1.0,60.0,5.0,60.0,1.0,100.0,0.0,0.3580445554823852,0.0,,1.0,60.0,5.0,60.0,1.0,100.0,0.0,0.3886705092432296,0.0,,1.0,60.0,5.0,60.0,1.0,0.0,94.35769102435768,92.03698800533768,1.0,4.0,0.0,60.0,5.0,,,,,,,,,,,,,,,,no_observer_reseed,cracker_box_yalehand0,003_cracker_box
event,cracker_box_yalehand0_black10_4,500.0,500.0,1.0,60,1,1,1,0.0,1,1,1,1,0,0,1,1,0.5791445460810881,0.5791445460810881,0.8012737390420195,-0.2221291929609313,accepted,,[],blackout_exit,True,"{""recovery_gate_version"": ""occlusion_aware_v1_development"", ""recovery_gate_status"": ""development_unvalidated"", ""recovery_gate_config"": {""version"": ""occlusion_aware_v1_development"", ""status"": ""development_unvalidated"", ""min_support"": 50, ""min_inliers"": 50, ""min_depth_m"": 0.05, ""max_depth_m"": 5.0, ""depth_tolerance_floor_m"": 0.01, ""depth_tolerance_diameter_fraction"": 0.05, ""max_conflict_fraction"": 0.1, ""min_global_inlier_fraction"": 0.1, ""min_mask_explained"": 0.6, ""normal_min_cad_coverage"": 0.3, ""normal_min_inlier_fraction"": 0.6, ""normal_min_spatial_bins"": 3, ""occluded_min_cad_coverage"": 0.1, ""occluded_min_inlier_fraction"": 0.8, ""occluded_min_spatial_bins"": 4, ""min_occlusion_fraction"": 0.1, ""spatial_grid_size"": 4, ""rotation_tolerance"": 0.001}, ""recovery_acceptance_path"": ""normal"", ""recovery_decision_category"": ""accepted"", ""recovery_hard_gate_pass"": true, ""recovery_rejection_reasons"": [], ""recovery_pose_valid"": true, ""accepted_recovery"": true, ""raw_recovery_generated"": true, ""recovery_depth_tolerance_m"": 0.013915767354515524, ""recovery_comparable_pixels"": 656, ""recovery_visible_support_pixels"": 228, ""recovery_inlier_pixels"": 222, ""recovery_occlusion_fraction"": 0.5548780487804879, ""recovery_conflict_fraction"": 0.03767123287671233, ""recovery_inlier_fraction"": 0.9736842105263158, ""recovery_global_inlier_fraction"": 0.3384146341463415, ""recovery_visible_mask_explained"": 1.0, ""recovery_visible_cad_coverage"": 0.56138302649304, ""recovery_inlier_spatial_bins"": 9, ""recovery_depth_method"": ""sparse_cad_point_zbuffer"", ""recovery_normal_path_pass"": true, ""recovery_occlusion_path_pass"": true}",occlusion_aware_v1_development,development_unvalidated,normal,accepted,0.9736842105263158,0.0376712328767123,0.5548780487804879,228.0,222.0,1.0,0.56138302649304,9.0,0.3384146341463415,60.0,1.0,100.0,0.0,0.38836877570864,0.0,,1.0,60.0,5.0,60.0,1.0,100.0,0.0,0.3856531738973336,0.0,,1.0,60.0,5.0,60.0,1.0,100.0,0.0,0.3578182553314429,0.0,,1.0,60.0,5.0,60.0,1.0,100.0,0.0,0.3882179089413453,0.0,,1.0,60.0,5.0,60.0,1.0,0.0,95.54054054054056,92.65516458432812,1.0,4.0,0.0,60.0,5.0,,,,,,,,,,,,,,,,no_observer_reseed,cracker_box_yalehand0,003_cracker_box
event,cracker_box_yalehand0_black10_5,610.0,610.0,1.0,60,1,1,1,0.0,1,1,0,0,1,0,1,0,0.3385746466292901,,1.818335530469617,-1.479760883840327,rejected,raw_recovery_rejected_by_pose_validity,"[""current_depth_free_space_conflict""]",blackout_exit,False,"{""recovery_gate_version"": ""occlusion_aware_v1_development"", ""recovery_gate_status"": ""development_unvalidated"", ""recovery_gate_config"": {""version"": ""occlusion_aware_v1_development"", ""status"": ""development_unvalidated"", ""min_support"": 50, ""min_inliers"": 50, ""min_depth_m"": 0.05, ""max_depth_m"": 5.0, ""depth_tolerance_floor_m"": 0.01, ""depth_tolerance_diameter_fraction"": 0.05, ""max_conflict_fraction"": 0.1, ""min_global_inlier_fraction"": 0.1, ""min_mask_explained"": 0.6, ""normal_min_cad_coverage"": 0.3, ""normal_min_inlier_fraction"": 0.6, ""normal_min_spatial_bins"": 3, ""occluded_min_cad_coverage"": 0.1, ""occluded_min_inlier_fraction"": 0.8, ""occluded_min_spatial_bins"": 4, ""min_occlusion_fraction"": 0.1, ""spatial_grid_size"": 4, ""rotation_tolerance"": 0.001}, ""recovery_acceptance_path"": ""none"", ""recovery_decision_category"": ""geometric_conflict"", ""recovery_hard_gate_pass"": false, ""recovery_rejection_reasons"": [""current_depth_free_space_conflict""], ""recovery_pose_valid"": false, ""accepted_recovery"": false, ""raw_recovery_generated"": true, ""recovery_depth_tolerance_m"": 0.013915767354515524, ""recovery_comparable_pixels"": 870, ""recovery_visible_support_pixels"": 230, ""recovery_inlier_pixels"": 230, ""recovery_occlusion_fraction"": 0.5827586206896552, ""recovery_conflict_fraction"": 0.1487603305785124, ""recovery_inlier_fraction"": 1.0, ""recovery_global_inlier_fraction"": 0.26436781609195403, ""recovery_visible_mask_explained"": 0.9997522503922702, ""recovery_visible_cad_coverage"": 0.5914020517830972, ""recovery_inlier_spatial_bins"": 12, ""recovery_depth_method"": ""sparse_cad_point_zbuffer""}",occlusion_aware_v1_development,development_unvalidated,none,geometric_conflict,1.0,0.1487603305785124,0.5827586206896552,230.0,230.0,0.9997522503922702,0.5914020517830972,12.0,0.264367816091954,60.0,1.0,100.0,0.0,0.3953840803878483,0.0,,1.0,60.0,5.0,60.0,1.0,100.0,0.0,0.3922535949664811,0.0,,1.0,60.0,5.0,60.0,1.0,100.0,0.0,0.3580445554823852,0.0,,1.0,60.0,5.0,60.0,1.0,100.0,0.0,0.3941017128658425,0.0,,1.0,60.0,5.0,60.0,1.0,1.6666666666666667,94.12912912912913,92.15775685255716,1.0,5.0,0.0,60.0,5.0,,,,,,,,,,,,,,,,no_observer_reseed,cracker_box_yalehand0,003_cracker_box
event,sugar_box_yalehand0_black10,100.0,100.0,1.0,60,1,1,1,0.0,1,1,1,1,0,0,1,1,0.9744382536588808,0.9744382536588808,3.396424853397828,-2.421986599738947,accepted,,[],blackout_exit,True,"{""recovery_gate_version"": ""occlusion_aware_v1_development"", ""recovery_gate_status"": ""development_unvalidated"", ""recovery_gate_config"": {""version"": ""occlusion_aware_v1_development"", ""status"": ""development_unvalidated"", ""min_support"": 50, ""min_inliers"": 50, ""min_depth_m"": 0.05, ""max_depth_m"": 5.0, ""depth_tolerance_floor_m"": 0.01, ""depth_tolerance_diameter_fraction"": 0.05, ""max_conflict_fraction"": 0.1, ""min_global_inlier_fraction"": 0.1, ""min_mask_explained"": 0.6, ""normal_min_cad_coverage"": 0.3, ""normal_min_inlier_fraction"": 0.6, ""normal_min_spatial_bins"": 3, ""occluded_min_cad_coverage"": 0.1, ""occluded_min_inlier_fraction"": 0.8, ""occluded_min_spatial_bins"": 4, ""min_occlusion_fraction"": 0.1, ""spatial_grid_size"": 4, ""rotation_tolerance"": 0.001}, ""recovery_acceptance_path"": ""normal"", ""recovery_decision_category"": ""accepted"", ""recovery_hard_gate_pass"": true, ""recovery_rejection_reasons"": [], ""recovery_pose_valid"": true, ""accepted_recovery"": true, ""raw_recovery_generated"": true, ""recovery_depth_tolerance_m"": 0.01027157006608532, ""recovery_comparable_pixels"": 853, ""recovery_visible_support_pixels"": 187, ""recovery_inlier_pixels"": 127, ""recovery_occlusion_fraction"": 0.6213364595545134, ""recovery_conflict_fraction"": 0.034055727554179564, ""recovery_inlier_fraction"": 0.679144385026738, ""recovery_global_inlier_fraction"": 0.1488862837045721, ""recovery_visible_mask_explained"": 0.7363530778164924, ""recovery_visible_cad_coverage"": 0.5294363256784969, ""recovery_inlier_spatial_bins"": 10, ""recovery_depth_method"": ""sparse_cad_point_zbuffer"", ""recovery_normal_path_pass"": true, ""recovery_occlusion_path_pass"": false}",occlusion_aware_v1_development,development_unvalidated,normal,accepted,0.679144385026738,0.0340557275541795,0.6213364595545134,187.0,127.0,0.7363530778164924,0.5294363256784969,10.0,0.1488862837045721,60.0,1.0,100.0,31.498164831498165,11.605417793042545,0.0,,1.0,60.0,5.0,60.0,1.0,100.0,31.30296963630297,11.623649597701494,0.0,,1.0,60.0,5.0,60.0,1.0,100.0,36.651651651651655,12.048875222527917,0.0,,1.0,60.0,5.0,60.0,1.0,100.0,31.538204871538213,11.620103137069208,0.0,,1.0,60.0,5.0,60.0,1.0,58.333333333333336,89.6946946946947,85.60506614398828,1.0,35.0,0.0,60.0,5.0,,,,,,,,,,,,,,,,no_observer_reseed,sugar_box_yalehand0,004_sugar_box
event,sugar_box_yalehand0_black10_2,260.0,260.0,1.0,60,1,1,1,0.0,1,1,1,1,0,0,1,1,0.3135591900188783,0.3135591900188783,1.1794206489628374,-0.865861458943959,accepted,,[],blackout_exit,True,"{""recovery_gate_version"": ""occlusion_aware_v1_development"", ""recovery_gate_status"": ""development_unvalidated"", ""recovery_gate_config"": {""version"": ""occlusion_aware_v1_development"", ""status"": ""development_unvalidated"", ""min_support"": 50, ""min_inliers"": 50, ""min_depth_m"": 0.05, ""max_depth_m"": 5.0, ""depth_tolerance_floor_m"": 0.01, ""depth_tolerance_diameter_fraction"": 0.05, ""max_conflict_fraction"": 0.1, ""min_global_inlier_fraction"": 0.1, ""min_mask_explained"": 0.6, ""normal_min_cad_coverage"": 0.3, ""normal_min_inlier_fraction"": 0.6, ""normal_min_spatial_bins"": 3, ""occluded_min_cad_coverage"": 0.1, ""occluded_min_inlier_fraction"": 0.8, ""occluded_min_spatial_bins"": 4, ""min_occlusion_fraction"": 0.1, ""spatial_grid_size"": 4, ""rotation_tolerance"": 0.001}, ""recovery_acceptance_path"": ""normal"", ""recovery_decision_category"": ""accepted"", ""recovery_hard_gate_pass"": true, ""recovery_rejection_reasons"": [], ""recovery_pose_valid"": true, ""accepted_recovery"": true, ""raw_recovery_generated"": true, ""recovery_depth_tolerance_m"": 0.01027157006608532, ""recovery_comparable_pixels"": 1738, ""recovery_visible_support_pixels"": 323, ""recovery_inlier_pixels"": 323, ""recovery_occlusion_fraction"": 0.546029919447641, ""recovery_conflict_fraction"": 0.0, ""recovery_inlier_fraction"": 1.0, ""recovery_global_inlier_fraction"": 0.1858457997698504, ""recovery_visible_mask_explained"": 0.7531900604432505, ""recovery_visible_cad_coverage"": 0.4090080233406273, ""recovery_inlier_spatial_bins"": 8, ""recovery_depth_method"": ""sparse_cad_point_zbuffer"", ""recovery_normal_path_pass"": true, ""recovery_occlusion_path_pass"": true}",occlusion_aware_v1_development,development_unvalidated,normal,accepted,1.0,0.0,0.546029919447641,323.0,323.0,0.7531900604432505,0.4090080233406273,8.0,0.1858457997698504,60.0,1.0,100.0,0.0,20.41117964271657,0.0,,1.0,60.0,5.0,60.0,1.0,100.0,0.0,20.398292504080924,0.0,,1.0,60.0,5.0,60.0,1.0,100.0,70.51384718051385,33.70890850930771,0.0,,1.0,60.0,5.0,60.0,1.0,100.0,0.0,20.41187894481308,0.0,,1.0,60.0,5.0,60.0,1.0,65.0,35.47797797797798,24.69600338861816,1.0,4.0,0.0,60.0,5.0,,,,,,,,,,,,,,,,no_observer_reseed,sugar_box_yalehand0,004_sugar_box
event,sugar_box_yalehand0_black10_3,340.0,340.0,1.0,60,1,1,1,0.0,1,1,1,1,0,0,1,1,0.280109222554512,0.280109222554512,1.225941684873974,-0.945832462319462,accepted,,[],blackout_exit,True,"{""recovery_gate_version"": ""occlusion_aware_v1_development"", ""recovery_gate_status"": ""development_unvalidated"", ""recovery_gate_config"": {""version"": ""occlusion_aware_v1_development"", ""status"": ""development_unvalidated"", ""min_support"": 50, ""min_inliers"": 50, ""min_depth_m"": 0.05, ""max_depth_m"": 5.0, ""depth_tolerance_floor_m"": 0.01, ""depth_tolerance_diameter_fraction"": 0.05, ""max_conflict_fraction"": 0.1, ""min_global_inlier_fraction"": 0.1, ""min_mask_explained"": 0.6, ""normal_min_cad_coverage"": 0.3, ""normal_min_inlier_fraction"": 0.6, ""normal_min_spatial_bins"": 3, ""occluded_min_cad_coverage"": 0.1, ""occluded_min_inlier_fraction"": 0.8, ""occluded_min_spatial_bins"": 4, ""min_occlusion_fraction"": 0.1, ""spatial_grid_size"": 4, ""rotation_tolerance"": 0.001}, ""recovery_acceptance_path"": ""normal"", ""recovery_decision_category"": ""accepted"", ""recovery_hard_gate_pass"": true, ""recovery_rejection_reasons"": [], ""recovery_pose_valid"": true, ""accepted_recovery"": true, ""raw_recovery_generated"": true, ""recovery_depth_tolerance_m"": 0.01027157006608532, ""recovery_comparable_pixels"": 1818, ""recovery_visible_support_pixels"": 354, ""recovery_inlier_pixels"": 354, ""recovery_occlusion_fraction"": 0.5440044004400441, ""recovery_conflict_fraction"": 0.0, ""recovery_inlier_fraction"": 1.0, ""recovery_global_inlier_fraction"": 0.19471947194719472, ""recovery_visible_mask_explained"": 0.832258064516129, ""recovery_visible_cad_coverage"": 0.4100196761011049, ""recovery_inlier_spatial_bins"": 11, ""recovery_depth_method"": ""sparse_cad_point_zbuffer"", ""recovery_normal_path_pass"": true, ""recovery_occlusion_path_pass"": true}",occlusion_aware_v1_development,development_unvalidated,normal,accepted,1.0,0.0,0.5440044004400441,354.0,354.0,0.832258064516129,0.4100196761011049,11.0,0.1947194719471947,60.0,1.0,100.0,0.0,28.15020609431787,0.0,,1.0,60.0,5.0,60.0,1.0,100.0,0.0,28.131324937712165,0.0,,1.0,60.0,5.0,60.0,1.0,100.0,40.01668335001668,31.458953963943987,0.0,,1.0,60.0,5.0,60.0,1.0,100.0,0.0,28.147808487129844,0.0,,1.0,60.0,5.0,60.0,1.0,45.0,90.51384718051384,85.10961060861261,1.0,4.0,0.0,60.0,5.0,,,,,,,,,,,,,,,,no_observer_reseed,sugar_box_yalehand0,004_sugar_box
event,sugar_box_yalehand0_black10_4,500.0,500.0,1.0,60,1,1,1,0.0,1,1,1,1,0,0,1,1,0.2663749177002661,0.2663749177002661,0.5290354690544196,-0.2626605513541534,accepted,,[],blackout_exit,True,"{""recovery_gate_version"": ""occlusion_aware_v1_development"", ""recovery_gate_status"": ""development_unvalidated"", ""recovery_gate_config"": {""version"": ""occlusion_aware_v1_development"", ""status"": ""development_unvalidated"", ""min_support"": 50, ""min_inliers"": 50, ""min_depth_m"": 0.05, ""max_depth_m"": 5.0, ""depth_tolerance_floor_m"": 0.01, ""depth_tolerance_diameter_fraction"": 0.05, ""max_conflict_fraction"": 0.1, ""min_global_inlier_fraction"": 0.1, ""min_mask_explained"": 0.6, ""normal_min_cad_coverage"": 0.3, ""normal_min_inlier_fraction"": 0.6, ""normal_min_spatial_bins"": 3, ""occluded_min_cad_coverage"": 0.1, ""occluded_min_inlier_fraction"": 0.8, ""occluded_min_spatial_bins"": 4, ""min_occlusion_fraction"": 0.1, ""spatial_grid_size"": 4, ""rotation_tolerance"": 0.001}, ""recovery_acceptance_path"": ""normal"", ""recovery_decision_category"": ""accepted"", ""recovery_hard_gate_pass"": true, ""recovery_rejection_reasons"": [], ""recovery_pose_valid"": true, ""accepted_recovery"": true, ""raw_recovery_generated"": true, ""recovery_depth_tolerance_m"": 0.01027157006608532, ""recovery_comparable_pixels"": 1898, ""recovery_visible_support_pixels"": 893, ""recovery_inlier_pixels"": 870, ""recovery_occlusion_fraction"": 0.47629083245521603, ""recovery_conflict_fraction"": 0.019114688128772636, ""recovery_inlier_fraction"": 0.9742441209406495, ""recovery_global_inlier_fraction"": 0.458377239199157, ""recovery_visible_mask_explained"": 0.9585910652920963, ""recovery_visible_cad_coverage"": 0.8388212298902421, ""recovery_inlier_spatial_bins"": 14, ""recovery_depth_method"": ""sparse_cad_point_zbuffer"", ""recovery_normal_path_pass"": true, ""recovery_occlusion_path_pass"": true}",occlusion_aware_v1_development,development_unvalidated,normal,accepted,0.9742441209406496,0.0191146881287726,0.476290832455216,893.0,870.0,0.9585910652920964,0.8388212298902421,14.0,0.458377239199157,60.0,1.0,100.0,0.0,43.49079618540696,0.0,,1.0,60.0,5.0,60.0,1.0,100.0,0.0,43.47301393209577,0.0,,1.0,60.0,5.0,60.0,1.0,86.66666666666667,61.87771104437771,47.519625413837,1.0,4.0,0.0,60.0,5.0,60.0,1.0,100.0,0.0,43.48729967492442,0.0,,1.0,60.0,5.0,60.0,1.0,35.0,85.990990990991,51.19735503967041,1.0,9.0,0.0,60.0,5.0,,,,,,,,,,,,,,,,no_observer_reseed,sugar_box_yalehand0,004_sugar_box
event,sugar_box_yalehand0_black10_5,610.0,610.0,1.0,60,1,1,1,0.0,1,1,1,1,0,0,1,1,0.3043276480085792,0.3043276480085792,1.39059912178639,-1.0862714737778107,accepted,,[],blackout_exit,True,"{""recovery_gate_version"": ""occlusion_aware_v1_development"", ""recovery_gate_status"": ""development_unvalidated"", ""recovery_gate_config"": {""version"": ""occlusion_aware_v1_development"", ""status"": ""development_unvalidated"", ""min_support"": 50, ""min_inliers"": 50, ""min_depth_m"": 0.05, ""max_depth_m"": 5.0, ""depth_tolerance_floor_m"": 0.01, ""depth_tolerance_diameter_fraction"": 0.05, ""max_conflict_fraction"": 0.1, ""min_global_inlier_fraction"": 0.1, ""min_mask_explained"": 0.6, ""normal_min_cad_coverage"": 0.3, ""normal_min_inlier_fraction"": 0.6, ""normal_min_spatial_bins"": 3, ""occluded_min_cad_coverage"": 0.1, ""occluded_min_inlier_fraction"": 0.8, ""occluded_min_spatial_bins"": 4, ""min_occlusion_fraction"": 0.1, ""spatial_grid_size"": 4, ""rotation_tolerance"": 0.001}, ""recovery_acceptance_path"": ""normal"", ""recovery_decision_category"": ""accepted"", ""recovery_hard_gate_pass"": true, ""recovery_rejection_reasons"": [], ""recovery_pose_valid"": true, ""accepted_recovery"": true, ""raw_recovery_generated"": true, ""recovery_depth_tolerance_m"": 0.01027157006608532, ""recovery_comparable_pixels"": 1394, ""recovery_visible_support_pixels"": 509, ""recovery_inlier_pixels"": 415, ""recovery_occlusion_fraction"": 0.5286944045911047, ""recovery_conflict_fraction"": 0.0030441400304414, ""recovery_inlier_fraction"": 0.8153241650294696, ""recovery_global_inlier_fraction"": 0.29770444763271164, ""recovery_visible_mask_explained"": 0.9380863039399625, ""recovery_visible_cad_coverage"": 0.7966011683483802, ""recovery_inlier_spatial_bins"": 12, ""recovery_depth_method"": ""sparse_cad_point_zbuffer"", ""recovery_normal_path_pass"": true, ""recovery_occlusion_path_pass"": true}",occlusion_aware_v1_development,development_unvalidated,normal,accepted,0.8153241650294696,0.0030441400304414,0.5286944045911047,509.0,415.0,0.9380863039399624,0.7966011683483802,12.0,0.2977044476327116,60.0,1.0,100.0,0.0,53.79965794137451,0.0,,1.0,60.0,5.0,60.0,1.0,100.0,0.0,53.75919832007656,0.0,,1.0,60.0,5.0,60.0,1.0,100.0,45.9592926259593,56.965598332863806,0.0,,1.0,60.0,5.0,60.0,1.0,100.0,0.0,53.80005754257251,0.0,,1.0,60.0,5.0,60.0,1.0,91.66666666666666,30.853353353353352,56.61255067442692,1.0,4.0,0.0,60.0,5.0,,,,,,,,,,,,,,,,no_observer_reseed,sugar_box_yalehand0,004_sugar_box
event,sugar_box1_black10,100.0,100.0,1.0,60,1,1,1,0.0,1,1,1,1,0,0,1,1,0.2688826470563648,0.2688826470563648,0.4727979005472751,-0.2039152534909103,accepted,,[],blackout_exit,True,"{""recovery_gate_version"": ""occlusion_aware_v1_development"", ""recovery_gate_status"": ""development_unvalidated"", ""recovery_gate_config"": {""version"": ""occlusion_aware_v1_development"", ""status"": ""development_unvalidated"", ""min_support"": 50, ""min_inliers"": 50, ""min_depth_m"": 0.05, ""max_depth_m"": 5.0, ""depth_tolerance_floor_m"": 0.01, ""depth_tolerance_diameter_fraction"": 0.05, ""max_conflict_fraction"": 0.1, ""min_global_inlier_fraction"": 0.1, ""min_mask_explained"": 0.6, ""normal_min_cad_coverage"": 0.3, ""normal_min_inlier_fraction"": 0.6, ""normal_min_spatial_bins"": 3, ""occluded_min_cad_coverage"": 0.1, ""occluded_min_inlier_fraction"": 0.8, ""occluded_min_spatial_bins"": 4, ""min_occlusion_fraction"": 0.1, ""spatial_grid_size"": 4, ""rotation_tolerance"": 0.001}, ""recovery_acceptance_path"": ""normal"", ""recovery_decision_category"": ""accepted"", ""recovery_hard_gate_pass"": true, ""recovery_rejection_reasons"": [], ""recovery_pose_valid"": true, ""accepted_recovery"": true, ""raw_recovery_generated"": true, ""recovery_depth_tolerance_m"": 0.01027157006608532, ""recovery_comparable_pixels"": 1497, ""recovery_visible_support_pixels"": 652, ""recovery_inlier_pixels"": 649, ""recovery_occlusion_fraction"": 0.43219772879091517, ""recovery_conflict_fraction"": 0.0, ""recovery_inlier_fraction"": 0.995398773006135, ""recovery_global_inlier_fraction"": 0.43353373413493657, ""recovery_visible_mask_explained"": 0.9673099645529736, ""recovery_visible_cad_coverage"": 0.7552275522755227, ""recovery_inlier_spatial_bins"": 16, ""recovery_depth_method"": ""sparse_cad_point_zbuffer"", ""recovery_normal_path_pass"": true, ""recovery_occlusion_path_pass"": true}",occlusion_aware_v1_development,development_unvalidated,normal,accepted,0.995398773006135,0.0,0.4321977287909151,652.0,649.0,0.9673099645529736,0.7552275522755227,16.0,0.4335337341349365,60.0,1.0,100.0,0.0,10.059342694403336,0.0,,1.0,60.0,5.0,60.0,1.0,100.0,0.0,10.069937633333444,0.0,,1.0,60.0,5.0,60.0,1.0,100.0,0.0,10.59747730089516,0.0,,1.0,60.0,5.0,60.0,1.0,100.0,0.0,10.061770701241484,0.0,,1.0,60.0,5.0,60.0,1.0,31.666666666666664,67.31981981981983,86.23253904400542,1.0,4.0,0.0,60.0,5.0,,,,,,,,,,,,,,,,no_observer_reseed,sugar_box1,004_sugar_box
event,sugar_box1_black10_2,260.0,260.0,1.0,60,1,1,1,0.0,1,1,0,0,1,0,0,0,5.958832158000717,,3.803168845819536,2.155663312181181,rejected,raw_recovery_rejected_by_pose_validity,"[""current_depth_free_space_conflict""]",blackout_exit,False,"{""recovery_gate_version"": ""occlusion_aware_v1_development"", ""recovery_gate_status"": ""development_unvalidated"", ""recovery_gate_config"": {""version"": ""occlusion_aware_v1_development"", ""status"": ""development_unvalidated"", ""min_support"": 50, ""min_inliers"": 50, ""min_depth_m"": 0.05, ""max_depth_m"": 5.0, ""depth_tolerance_floor_m"": 0.01, ""depth_tolerance_diameter_fraction"": 0.05, ""max_conflict_fraction"": 0.1, ""min_global_inlier_fraction"": 0.1, ""min_mask_explained"": 0.6, ""normal_min_cad_coverage"": 0.3, ""normal_min_inlier_fraction"": 0.6, ""normal_min_spatial_bins"": 3, ""occluded_min_cad_coverage"": 0.1, ""occluded_min_inlier_fraction"": 0.8, ""occluded_min_spatial_bins"": 4, ""min_occlusion_fraction"": 0.1, ""spatial_grid_size"": 4, ""rotation_tolerance"": 0.001}, ""recovery_acceptance_path"": ""none"", ""recovery_decision_category"": ""geometric_conflict"", ""recovery_hard_gate_pass"": false, ""recovery_rejection_reasons"": [""current_depth_free_space_conflict""], ""recovery_pose_valid"": false, ""accepted_recovery"": false, ""raw_recovery_generated"": true, ""recovery_depth_tolerance_m"": 0.01027157006608532, ""recovery_comparable_pixels"": 453, ""recovery_visible_support_pixels"": 1, ""recovery_inlier_pixels"": 1, ""recovery_occlusion_fraction"": 0.7991169977924945, ""recovery_conflict_fraction"": 0.8791208791208791, ""recovery_inlier_fraction"": 1.0, ""recovery_global_inlier_fraction"": 0.002207505518763797, ""recovery_visible_mask_explained"": 0.0028664246130326774, ""recovery_visible_cad_coverage"": 0.005319148936170213, ""recovery_inlier_spatial_bins"": 1, ""recovery_depth_method"": ""sparse_cad_point_zbuffer""}",occlusion_aware_v1_development,development_unvalidated,none,geometric_conflict,1.0,0.8791208791208791,0.7991169977924945,1.0,1.0,0.0028664246130326,0.0053191489361702,1.0,0.0022075055187637,60.0,1.0,100.0,78.86386386386386,86.28843838325648,0.0,,1.0,60.0,5.0,60.0,1.0,100.0,78.77544210877544,86.26062666856494,0.0,,1.0,60.0,5.0,60.0,1.0,100.0,78.43343343343344,82.7856522454097,0.0,,1.0,60.0,5.0,60.0,1.0,100.0,78.82882882882882,86.29053529825305,0.0,,1.0,60.0,5.0,60.0,1.0,98.33333333333331,79.09409409409409,86.93936494377509,0.0,,1.0,60.0,5.0,,,,,,,,,,,,,,,,no_observer_reseed,sugar_box1,004_sugar_box
event,sugar_box1_black10_3,340.0,340.0,1.0,60,1,1,1,0.0,1,1,1,1,0,0,1,1,0.3076533122133222,0.3076533122133222,0.4086412380383233,-0.1009879258250011,accepted,,[],blackout_exit,True,"{""recovery_gate_version"": ""occlusion_aware_v1_development"", ""recovery_gate_status"": ""development_unvalidated"", ""recovery_gate_config"": {""version"": ""occlusion_aware_v1_development"", ""status"": ""development_unvalidated"", ""min_support"": 50, ""min_inliers"": 50, ""min_depth_m"": 0.05, ""max_depth_m"": 5.0, ""depth_tolerance_floor_m"": 0.01, ""depth_tolerance_diameter_fraction"": 0.05, ""max_conflict_fraction"": 0.1, ""min_global_inlier_fraction"": 0.1, ""min_mask_explained"": 0.6, ""normal_min_cad_coverage"": 0.3, ""normal_min_inlier_fraction"": 0.6, ""normal_min_spatial_bins"": 3, ""occluded_min_cad_coverage"": 0.1, ""occluded_min_inlier_fraction"": 0.8, ""occluded_min_spatial_bins"": 4, ""min_occlusion_fraction"": 0.1, ""spatial_grid_size"": 4, ""rotation_tolerance"": 0.001}, ""recovery_acceptance_path"": ""normal"", ""recovery_decision_category"": ""accepted"", ""recovery_hard_gate_pass"": true, ""recovery_rejection_reasons"": [], ""recovery_pose_valid"": true, ""accepted_recovery"": true, ""raw_recovery_generated"": true, ""recovery_depth_tolerance_m"": 0.01027157006608532, ""recovery_comparable_pixels"": 1903, ""recovery_visible_support_pixels"": 898, ""recovery_inlier_pixels"": 898, ""recovery_occlusion_fraction"": 0.4929059379926432, ""recovery_conflict_fraction"": 0.0, ""recovery_inlier_fraction"": 1.0, ""recovery_global_inlier_fraction"": 0.47188649500788227, ""recovery_visible_mask_explained"": 0.982503976369007, ""recovery_visible_cad_coverage"": 0.8558986539984165, ""recovery_inlier_spatial_bins"": 15, ""recovery_depth_method"": ""sparse_cad_point_zbuffer"", ""recovery_normal_path_pass"": true, ""recovery_occlusion_path_pass"": true}",occlusion_aware_v1_development,development_unvalidated,normal,accepted,1.0,0.0,0.4929059379926432,898.0,898.0,0.982503976369007,0.8558986539984165,15.0,0.4718864950078822,60.0,1.0,100.0,1.4864864864864862,35.8187294240216,0.0,,1.0,60.0,5.0,60.0,1.0,100.0,1.394728061394728,35.80438211088708,0.0,,1.0,60.0,5.0,60.0,1.0,76.66666666666667,86.20954287620954,57.96231733387192,1.0,4.0,0.0,60.0,5.0,60.0,1.0,100.0,1.4764764764764762,35.8187294240216,0.0,,1.0,60.0,5.0,60.0,1.0,8.333333333333332,94.1891891891892,91.28351063301449,1.0,12.0,0.0,60.0,5.0,,,,,,,,,,,,,,,,no_observer_reseed,sugar_box1,004_sugar_box
event,sugar_box1_black10_4,500.0,500.0,1.0,60,1,1,1,0.0,1,0,0,0,0,1,0,0,,,0.5092522016999346,,not_generated,sam2_recovery_mask_failed,"[""raw_recovery_not_generated""]",blackout_exit,False,{},,,,,,,,,,,,,,60.0,1.0,100.0,1.0001668335001668,52.695197954293874,0.0,,1.0,60.0,5.0,60.0,1.0,100.0,0.9918251584918252,52.690121212723206,0.0,,1.0,60.0,5.0,60.0,1.0,63.33333333333333,34.64297630964298,55.19576908772057,1.0,4.0,0.0,60.0,5.0,60.0,1.0,100.0,1.0001668335001668,52.69619122981857,0.0,,1.0,60.0,5.0,60.0,1.0,28.33333333333333,91.4647981314648,78.07620189097587,1.0,4.0,0.0,60.0,5.0,,,,,,,,,,,,,,,,no_observer_reseed,sugar_box1,004_sugar_box
event,sugar_box1_black10_5,610.0,610.0,1.0,60,1,1,1,0.0,1,0,0,0,0,1,0,0,,,3.3123953539282223,,not_generated,sam2_recovery_mask_failed,"[""raw_recovery_not_generated""]",blackout_exit,False,{},,,,,,,,,,,,,,60.0,1.0,100.0,4.20337003670337,64.49486973191495,0.0,,1.0,60.0,5.0,60.0,1.0,100.0,3.814647981314647,64.46308491512461,0.0,,1.0,60.0,5.0,60.0,1.0,100.0,10.44210877544211,65.03857771773978,0.0,,1.0,60.0,5.0,60.0,1.0,100.0,4.10326993660327,64.48802716718924,0.0,,1.0,60.0,5.0,60.0,1.0,100.0,12.034534534534536,65.36862110180743,0.0,,1.0,60.0,5.0,,,,,,,,,,,,,,,,no_observer_reseed,sugar_box1,004_sugar_box
event,tomato_soup_can_yalehand0_black10,100.0,169.0,1.0,60,1,1,1,0.0,1,1,0,0,1,0,1,0,0.3092008911358477,,0.3632175925708333,-0.0540167014349856,rejected,raw_recovery_rejected_by_pose_validity,"[""current_depth_free_space_conflict""]",blackout_exit,False,"{""recovery_gate_version"": ""occlusion_aware_v1_development"", ""recovery_gate_status"": ""development_unvalidated"", ""recovery_gate_config"": {""version"": ""occlusion_aware_v1_development"", ""status"": ""development_unvalidated"", ""min_support"": 50, ""min_inliers"": 50, ""min_depth_m"": 0.05, ""max_depth_m"": 5.0, ""depth_tolerance_floor_m"": 0.01, ""depth_tolerance_diameter_fraction"": 0.05, ""max_conflict_fraction"": 0.1, ""min_global_inlier_fraction"": 0.1, ""min_mask_explained"": 0.6, ""normal_min_cad_coverage"": 0.3, ""normal_min_inlier_fraction"": 0.6, ""normal_min_spatial_bins"": 3, ""occluded_min_cad_coverage"": 0.1, ""occluded_min_inlier_fraction"": 0.8, ""occluded_min_spatial_bins"": 4, ""min_occlusion_fraction"": 0.1, ""spatial_grid_size"": 4, ""rotation_tolerance"": 0.001}, ""recovery_acceptance_path"": ""none"", ""recovery_decision_category"": ""geometric_conflict"", ""recovery_hard_gate_pass"": false, ""recovery_rejection_reasons"": [""current_depth_free_space_conflict""], ""recovery_pose_valid"": false, ""accepted_recovery"": false, ""raw_recovery_generated"": true, ""recovery_depth_tolerance_m"": 0.01, ""recovery_comparable_pixels"": 1012, ""recovery_visible_support_pixels"": 353, ""recovery_inlier_pixels"": 237, ""recovery_occlusion_fraction"": 0.5592885375494071, ""recovery_conflict_fraction"": 0.16591928251121077, ""recovery_inlier_fraction"": 0.6713881019830028, ""recovery_global_inlier_fraction"": 0.2341897233201581, ""recovery_visible_mask_explained"": 0.8163265306122449, ""recovery_visible_cad_coverage"": 0.6484641638225256, ""recovery_inlier_spatial_bins"": 12, ""recovery_depth_method"": ""sparse_cad_point_zbuffer""}",occlusion_aware_v1_development,development_unvalidated,none,geometric_conflict,0.6713881019830028,0.1659192825112107,0.5592885375494071,353.0,237.0,0.8163265306122449,0.6484641638225256,12.0,0.2341897233201581,60.0,1.0,100.0,0.0,7.082273404903375,0.0,,1.0,60.0,5.0,60.0,1.0,100.0,0.0,7.0905385507832,0.0,,1.0,60.0,5.0,60.0,1.0,100.0,0.0,7.448886195063566,0.0,,1.0,60.0,5.0,60.0,1.0,100.0,0.0,7.103242386117003,0.0,,1.0,60.0,5.0,60.0,1.0,98.33333333333331,3.4659659659659656,7.681152100112342,0.0,,1.0,60.0,5.0,,,,,,,,,,,,,,,,no_observer_reseed,tomato_soup_can_yalehand0,005_tomato_soup_can
event,tomato_soup_can_yalehand0_black10_2,260.0,420.0,1.0,60,1,1,1,0.0,1,1,0,0,1,0,1,0,0.4464657139593039,,0.7636547568645715,-0.3171890429052675,rejected,raw_recovery_rejected_by_pose_validity,"[""current_depth_free_space_conflict""]",blackout_exit,False,"{""recovery_gate_version"": ""occlusion_aware_v1_development"", ""recovery_gate_status"": ""development_unvalidated"", ""recovery_gate_config"": {""version"": ""occlusion_aware_v1_development"", ""status"": ""development_unvalidated"", ""min_support"": 50, ""min_inliers"": 50, ""min_depth_m"": 0.05, ""max_depth_m"": 5.0, ""depth_tolerance_floor_m"": 0.01, ""depth_tolerance_diameter_fraction"": 0.05, ""max_conflict_fraction"": 0.1, ""min_global_inlier_fraction"": 0.1, ""min_mask_explained"": 0.6, ""normal_min_cad_coverage"": 0.3, ""normal_min_inlier_fraction"": 0.6, ""normal_min_spatial_bins"": 3, ""occluded_min_cad_coverage"": 0.1, ""occluded_min_inlier_fraction"": 0.8, ""occluded_min_spatial_bins"": 4, ""min_occlusion_fraction"": 0.1, ""spatial_grid_size"": 4, ""rotation_tolerance"": 0.001}, ""recovery_acceptance_path"": ""none"", ""recovery_decision_category"": ""geometric_conflict"", ""recovery_hard_gate_pass"": false, ""recovery_rejection_reasons"": [""current_depth_free_space_conflict""], ""recovery_pose_valid"": false, ""accepted_recovery"": false, ""raw_recovery_generated"": true, ""recovery_depth_tolerance_m"": 0.01, ""recovery_comparable_pixels"": 1027, ""recovery_visible_support_pixels"": 381, ""recovery_inlier_pixels"": 220, ""recovery_occlusion_fraction"": 0.4625121713729309, ""recovery_conflict_fraction"": 0.22282608695652173, ""recovery_inlier_fraction"": 0.5774278215223098, ""recovery_global_inlier_fraction"": 0.21421616358325218, ""recovery_visible_mask_explained"": 0.8070342205323194, ""recovery_visible_cad_coverage"": 0.6274944567627494, ""recovery_inlier_spatial_bins"": 12, ""recovery_depth_method"": ""sparse_cad_point_zbuffer""}",occlusion_aware_v1_development,development_unvalidated,none,geometric_conflict,0.5774278215223098,0.2228260869565217,0.4625121713729309,381.0,220.0,0.8070342205323194,0.6274944567627494,12.0,0.2142161635832521,60.0,1.0,100.0,0.0,18.9933434964016,0.0,,1.0,60.0,5.0,60.0,1.0,100.0,0.0,19.000537234482188,0.0,,1.0,60.0,5.0,60.0,1.0,100.0,0.0,19.35352783976637,0.0,,1.0,60.0,5.0,60.0,1.0,100.0,0.0,19.020434807896574,0.0,,1.0,60.0,5.0,60.0,1.0,98.33333333333331,3.12062062062062,65.51494154705165,0.0,,1.0,60.0,5.0,,,,,,,,,,,,,,,,no_observer_reseed,tomato_soup_can_yalehand0,005_tomato_soup_can
event,tomato_soup_can_yalehand0_black10_3,340.0,500.0,1.0,60,1,1,1,0.0,1,1,0,0,1,0,1,0,0.4267126888392482,,1.5901917815274875,-1.1634790926882397,rejected,raw_recovery_rejected_by_pose_validity,"[""current_depth_free_space_conflict""]",blackout_exit,False,"{""recovery_gate_version"": ""occlusion_aware_v1_development"", ""recovery_gate_status"": ""development_unvalidated"", ""recovery_gate_config"": {""version"": ""occlusion_aware_v1_development"", ""status"": ""development_unvalidated"", ""min_support"": 50, ""min_inliers"": 50, ""min_depth_m"": 0.05, ""max_depth_m"": 5.0, ""depth_tolerance_floor_m"": 0.01, ""depth_tolerance_diameter_fraction"": 0.05, ""max_conflict_fraction"": 0.1, ""min_global_inlier_fraction"": 0.1, ""min_mask_explained"": 0.6, ""normal_min_cad_coverage"": 0.3, ""normal_min_inlier_fraction"": 0.6, ""normal_min_spatial_bins"": 3, ""occluded_min_cad_coverage"": 0.1, ""occluded_min_inlier_fraction"": 0.8, ""occluded_min_spatial_bins"": 4, ""min_occlusion_fraction"": 0.1, ""spatial_grid_size"": 4, ""rotation_tolerance"": 0.001}, ""recovery_acceptance_path"": ""none"", ""recovery_decision_category"": ""geometric_conflict"", ""recovery_hard_gate_pass"": false, ""recovery_rejection_reasons"": [""current_depth_free_space_conflict""], ""recovery_pose_valid"": false, ""accepted_recovery"": false, ""raw_recovery_generated"": true, ""recovery_depth_tolerance_m"": 0.01, ""recovery_comparable_pixels"": 1180, ""recovery_visible_support_pixels"": 401, ""recovery_inlier_pixels"": 191, ""recovery_occlusion_fraction"": 0.5067796610169492, ""recovery_conflict_fraction"": 0.36597938144329895, ""recovery_inlier_fraction"": 0.4763092269326683, ""recovery_global_inlier_fraction"": 0.16186440677966102, ""recovery_visible_mask_explained"": 0.8351836037574722, ""recovery_visible_cad_coverage"": 0.6174242424242424, ""recovery_inlier_spatial_bins"": 10, ""recovery_depth_method"": ""sparse_cad_point_zbuffer""}",occlusion_aware_v1_development,development_unvalidated,none,geometric_conflict,0.4763092269326683,0.3659793814432989,0.5067796610169492,401.0,191.0,0.8351836037574722,0.6174242424242424,10.0,0.161864406779661,60.0,1.0,100.0,0.0,24.75372926443263,0.0,,1.0,60.0,5.0,60.0,1.0,100.0,0.0,24.758321012143643,0.0,,1.0,60.0,5.0,60.0,1.0,100.0,0.0,25.15076238317828,0.0,,1.0,60.0,5.0,60.0,1.0,100.0,0.0,24.76551475022423,0.0,,1.0,60.0,5.0,60.0,1.0,100.0,1.7734401067734396,25.30102732702121,0.0,,1.0,60.0,5.0,,,,,,,,,,,,,,,,no_observer_reseed,tomato_soup_can_yalehand0,005_tomato_soup_can
event,tomato_soup_can_yalehand0_black10_4,500.0,669.0,1.0,60,1,1,1,0.0,1,1,1,1,0,0,1,1,0.3482437532521913,0.3482437532521913,0.3391163829973446,0.0091273702548467,accepted,,[],blackout_exit,True,"{""recovery_gate_version"": ""occlusion_aware_v1_development"", ""recovery_gate_status"": ""development_unvalidated"", ""recovery_gate_config"": {""version"": ""occlusion_aware_v1_development"", ""status"": ""development_unvalidated"", ""min_support"": 50, ""min_inliers"": 50, ""min_depth_m"": 0.05, ""max_depth_m"": 5.0, ""depth_tolerance_floor_m"": 0.01, ""depth_tolerance_diameter_fraction"": 0.05, ""max_conflict_fraction"": 0.1, ""min_global_inlier_fraction"": 0.1, ""min_mask_explained"": 0.6, ""normal_min_cad_coverage"": 0.3, ""normal_min_inlier_fraction"": 0.6, ""normal_min_spatial_bins"": 3, ""occluded_min_cad_coverage"": 0.1, ""occluded_min_inlier_fraction"": 0.8, ""occluded_min_spatial_bins"": 4, ""min_occlusion_fraction"": 0.1, ""spatial_grid_size"": 4, ""rotation_tolerance"": 0.001}, ""recovery_acceptance_path"": ""normal"", ""recovery_decision_category"": ""accepted"", ""recovery_hard_gate_pass"": true, ""recovery_rejection_reasons"": [], ""recovery_pose_valid"": true, ""accepted_recovery"": true, ""raw_recovery_generated"": true, ""recovery_depth_tolerance_m"": 0.01, ""recovery_comparable_pixels"": 1252, ""recovery_visible_support_pixels"": 316, ""recovery_inlier_pixels"": 295, ""recovery_occlusion_fraction"": 0.6669329073482428, ""recovery_conflict_fraction"": 0.045563549160671464, ""recovery_inlier_fraction"": 0.9335443037974683, ""recovery_global_inlier_fraction"": 0.2356230031948882, ""recovery_visible_mask_explained"": 0.9626168224299065, ""recovery_visible_cad_coverage"": 0.5250231696014829, ""recovery_inlier_spatial_bins"": 11, ""recovery_depth_method"": ""sparse_cad_point_zbuffer"", ""recovery_normal_path_pass"": true, ""recovery_occlusion_path_pass"": true}",occlusion_aware_v1_development,development_unvalidated,normal,accepted,0.9335443037974684,0.0455635491606714,0.6669329073482428,316.0,295.0,0.9626168224299064,0.5250231696014829,11.0,0.2356230031948882,60.0,1.0,100.0,0.0,36.84919629109232,0.0,,1.0,60.0,5.0,60.0,1.0,100.0,0.0,36.84781876677901,0.0,,1.0,60.0,5.0,60.0,1.0,73.33333333333333,80.82582582582583,44.9703143510483,1.0,4.0,0.0,60.0,5.0,60.0,1.0,100.0,0.0,36.86618575762306,0.0,,1.0,60.0,5.0,60.0,1.0,40.0,84.77310643977312,72.90298708494427,1.0,4.0,0.0,60.0,5.0,,,,,,,,,,,,,,,,no_observer_reseed,tomato_soup_can_yalehand0,005_tomato_soup_can
event,tomato_soup_can_yalehand0_black10_5,610.0,806.0,1.0,60,1,1,1,0.0,1,1,0,0,1,0,1,0,0.3502875748490348,,0.3659713798598579,-0.015683805010823,rejected,raw_recovery_rejected_by_pose_validity,"[""current_depth_free_space_conflict""]",blackout_exit,False,"{""recovery_gate_version"": ""occlusion_aware_v1_development"", ""recovery_gate_status"": ""development_unvalidated"", ""recovery_gate_config"": {""version"": ""occlusion_aware_v1_development"", ""status"": ""development_unvalidated"", ""min_support"": 50, ""min_inliers"": 50, ""min_depth_m"": 0.05, ""max_depth_m"": 5.0, ""depth_tolerance_floor_m"": 0.01, ""depth_tolerance_diameter_fraction"": 0.05, ""max_conflict_fraction"": 0.1, ""min_global_inlier_fraction"": 0.1, ""min_mask_explained"": 0.6, ""normal_min_cad_coverage"": 0.3, ""normal_min_inlier_fraction"": 0.6, ""normal_min_spatial_bins"": 3, ""occluded_min_cad_coverage"": 0.1, ""occluded_min_inlier_fraction"": 0.8, ""occluded_min_spatial_bins"": 4, ""min_occlusion_fraction"": 0.1, ""spatial_grid_size"": 4, ""rotation_tolerance"": 0.001}, ""recovery_acceptance_path"": ""none"", ""recovery_decision_category"": ""geometric_conflict"", ""recovery_hard_gate_pass"": false, ""recovery_rejection_reasons"": [""current_depth_free_space_conflict""], ""recovery_pose_valid"": false, ""accepted_recovery"": false, ""raw_recovery_generated"": true, ""recovery_depth_tolerance_m"": 0.01, ""recovery_comparable_pixels"": 1256, ""recovery_visible_support_pixels"": 429, ""recovery_inlier_pixels"": 370, ""recovery_occlusion_fraction"": 0.6345541401273885, ""recovery_conflict_fraction"": 0.10457516339869281, ""recovery_inlier_fraction"": 0.8624708624708625, ""recovery_global_inlier_fraction"": 0.2945859872611465, ""recovery_visible_mask_explained"": 0.7704735376044568, ""recovery_visible_cad_coverage"": 0.8397085610200364, ""recovery_inlier_spatial_bins"": 15, ""recovery_depth_method"": ""sparse_cad_point_zbuffer""}",occlusion_aware_v1_development,development_unvalidated,none,geometric_conflict,0.8624708624708625,0.1045751633986928,0.6345541401273885,429.0,370.0,0.7704735376044568,0.8397085610200364,15.0,0.2945859872611465,60.0,1.0,100.0,0.0,45.07963621113469,0.0,,1.0,60.0,5.0,60.0,1.0,100.0,0.0,45.0729781769537,0.0,,1.0,60.0,5.0,60.0,1.0,18.33333333333333,87.88955622288954,51.8285104676542,1.0,4.0,0.0,60.0,5.0,60.0,1.0,100.0,0.0,45.08434275253848,0.0,,1.0,60.0,5.0,60.0,1.0,70.0,88.02469135802468,74.91512919647477,1.0,4.0,0.0,60.0,5.0,,,,,,,,,,,,,,,,no_observer_reseed,tomato_soup_can_yalehand0,005_tomato_soup_can
