model,candidate_population,partition,sequence,candidates,mae_cm,risk_auroc,balanced_accuracy,evidence
frozen_q0,fixed_policy,all,ALL,45540,7.674484680149374,0.912724368518012,0.8942498780401924,post_development_diagnostic; calibration partition used for fitting calibrator
frozen_q0,fixed_policy,train,ALL,31842,6.46658341494988,0.8590612172316987,0.8535258026352847,post_development_diagnostic; calibration partition used for fitting calibrator
frozen_q0,fixed_policy,cal,ALL,13698,10.482339263773428,0.9944706898294757,0.966648977717685,post_development_diagnostic; calibration partition used for fitting calibrator
frozen_q1,fixed_policy,all,ALL,45540,15.408782411718677,0.8951261409764152,0.7620777085852994,post_development_diagnostic; calibration partition used for fitting calibrator
frozen_q1,fixed_policy,train,ALL,31842,12.761078836339482,0.9091765649605068,0.7495153531272297,post_development_diagnostic; calibration partition used for fitting calibrator
frozen_q1,fixed_policy,cal,ALL,13698,21.563562470648773,0.8515708995327567,0.7906985948807097,post_development_diagnostic; calibration partition used for fitting calibrator
fixed_obs_only,fixed_policy,all,ALL,45540,7.674484680149374,0.912724368518012,0.8942498780401924,post_development_diagnostic; calibration partition used for fitting calibrator
fixed_obs_only,fixed_policy,train,ALL,31842,6.46658341494988,0.8590612172316987,0.8535258026352847,post_development_diagnostic; calibration partition used for fitting calibrator
fixed_obs_only,fixed_policy,cal,ALL,13698,10.482339263773428,0.9944706898294757,0.966648977717685,post_development_diagnostic; calibration partition used for fitting calibrator
fixed_obs_duplicated_count_control,fixed_policy,all,ALL,45540,7.674484658583262,0.912724368518012,0.8942498780401924,post_development_diagnostic; calibration partition used for fitting calibrator
fixed_obs_duplicated_count_control,fixed_policy,train,ALL,31842,6.466583400795329,0.8590612172316987,0.8535258026352847,post_development_diagnostic; calibration partition used for fitting calibrator
fixed_obs_duplicated_count_control,fixed_policy,cal,ALL,13698,10.4823392249786,0.9944706898294757,0.966648977717685,post_development_diagnostic; calibration partition used for fitting calibrator
fixed_obs_prior,fixed_policy,all,ALL,45540,7.601225086905245,0.908685883133568,0.893303662037801,post_development_diagnostic; calibration partition used for fitting calibrator
fixed_obs_prior,fixed_policy,train,ALL,31842,6.381610194325614,0.8520687967107938,0.8522858635282153,post_development_diagnostic; calibration partition used for fitting calibrator
fixed_obs_prior,fixed_policy,cal,ALL,13698,10.436308851653433,0.9945099421268646,0.9664663952327943,post_development_diagnostic; calibration partition used for fitting calibrator
q0_policy_obs_prior_refit,fixed_policy,all,ALL,45540,15.407147462954992,0.8974634165224635,0.7627931530289449,post_development_diagnostic; calibration partition used for fitting calibrator
q0_policy_obs_prior_refit,fixed_policy,train,ALL,31842,12.760327577977607,0.9112048220570962,0.7499528508811855,post_development_diagnostic; calibration partition used for fitting calibrator
q0_policy_obs_prior_refit,fixed_policy,cal,ALL,13698,21.559873319098216,0.8551700471648829,0.7920777907112686,post_development_diagnostic; calibration partition used for fitting calibrator
frozen_q0,q0_policy,all,ALL,45540,8.730598282660756,0.6590495247525672,0.6507785648735328,post_development_diagnostic; calibration partition used for fitting calibrator
frozen_q0,q0_policy,train,ALL,31842,3.9980691691608206,0.6046911887659462,0.6250104986220906,post_development_diagnostic; calibration partition used for fitting calibrator
frozen_q0,q0_policy,cal,ALL,13698,19.731707352018685,0.7548535021812136,0.7172970011251685,post_development_diagnostic; calibration partition used for fitting calibrator
frozen_q1,q0_policy,all,ALL,45540,6.310068086309207,0.8901809571656306,0.7915686557473964,post_development_diagnostic; calibration partition used for fitting calibrator
frozen_q1,q0_policy,train,ALL,31842,1.741864667958985,0.8948107580675236,0.7621628407135843,post_development_diagnostic; calibration partition used for fitting calibrator
frozen_q1,q0_policy,cal,ALL,13698,16.92919009296038,0.9007567227036652,0.865964441053099,post_development_diagnostic; calibration partition used for fitting calibrator
fixed_obs_only,q0_policy,all,ALL,45540,8.730598282660756,0.6590495247525672,0.6507785648735328,post_development_diagnostic; calibration partition used for fitting calibrator
fixed_obs_only,q0_policy,train,ALL,31842,3.9980691691608206,0.6046911887659462,0.6250104986220906,post_development_diagnostic; calibration partition used for fitting calibrator
fixed_obs_only,q0_policy,cal,ALL,13698,19.731707352018685,0.7548535021812136,0.7172970011251685,post_development_diagnostic; calibration partition used for fitting calibrator
fixed_obs_duplicated_count_control,q0_policy,all,ALL,45540,8.73059831050022,0.6590495247525672,0.6507785648735328,post_development_diagnostic; calibration partition used for fitting calibrator
fixed_obs_duplicated_count_control,q0_policy,train,ALL,31842,3.998069194943191,0.6046911887659462,0.6250104986220906,post_development_diagnostic; calibration partition used for fitting calibrator
fixed_obs_duplicated_count_control,q0_policy,cal,ALL,13698,19.731707384640018,0.7548535021812136,0.7172970011251685,post_development_diagnostic; calibration partition used for fitting calibrator
fixed_obs_prior,q0_policy,all,ALL,45540,8.605154655397477,0.6440536555192673,0.6366737185037765,post_development_diagnostic; calibration partition used for fitting calibrator
fixed_obs_prior,q0_policy,train,ALL,31842,3.885072310231919,0.5866892575442058,0.612343796138658,post_development_diagnostic; calibration partition used for fitting calibrator
fixed_obs_prior,q0_policy,cal,ALL,13698,19.577330304014918,0.7475085401300382,0.6995468323067636,post_development_diagnostic; calibration partition used for fitting calibrator
q0_policy_obs_prior_refit,q0_policy,all,ALL,45540,6.309501981606732,0.8911774348045918,0.7928718436087553,post_development_diagnostic; calibration partition used for fitting calibrator
q0_policy_obs_prior_refit,q0_policy,train,ALL,31842,1.7417476235766995,0.8963926859768829,0.7640590028352366,post_development_diagnostic; calibration partition used for fitting calibrator
q0_policy_obs_prior_refit,q0_policy,cal,ALL,13698,16.927580114793496,0.9017625428677971,0.865732645996378,post_development_diagnostic; calibration partition used for fitting calibrator
frozen_q0,q1_policy,all,ALL,45540,3.754654979217124,0.7430146866499268,0.7092119307748268,post_development_diagnostic; calibration partition used for fitting calibrator
frozen_q0,q1_policy,train,ALL,31842,3.404947450298587,0.6679364282600699,0.6694733998089529,post_development_diagnostic; calibration partition used for fitting calibrator
frozen_q0,q1_policy,cal,ALL,13698,4.5675756344824245,0.8860109908174767,0.8182507030595084,post_development_diagnostic; calibration partition used for fitting calibrator
frozen_q1,q1_policy,all,ALL,45540,1.4764634574363287,0.822113324031214,0.685006110627101,post_development_diagnostic; calibration partition used for fitting calibrator
frozen_q1,q1_policy,train,ALL,31842,1.525847110105119,0.8481637423799384,0.6669141730309038,post_development_diagnostic; calibration partition used for fitting calibrator
frozen_q1,q1_policy,cal,ALL,13698,1.3616675552404156,0.7903022947882781,0.7369427460992126,post_development_diagnostic; calibration partition used for fitting calibrator
fixed_obs_only,q1_policy,all,ALL,45540,3.754654979217124,0.7430146866499268,0.7092119307748268,post_development_diagnostic; calibration partition used for fitting calibrator
fixed_obs_only,q1_policy,train,ALL,31842,3.404947450298587,0.6679364282600699,0.6694733998089529,post_development_diagnostic; calibration partition used for fitting calibrator
fixed_obs_only,q1_policy,cal,ALL,13698,4.5675756344824245,0.8860109908174767,0.8182507030595084,post_development_diagnostic; calibration partition used for fitting calibrator
fixed_obs_duplicated_count_control,q1_policy,all,ALL,45540,3.75465500132373,0.7430146866499268,0.7092119307748268,post_development_diagnostic; calibration partition used for fitting calibrator
fixed_obs_duplicated_count_control,q1_policy,train,ALL,31842,3.404947468400591,0.6679364282600699,0.6694733998089529,post_development_diagnostic; calibration partition used for fitting calibrator
fixed_obs_duplicated_count_control,q1_policy,cal,ALL,13698,4.567575665898017,0.8860109908174767,0.8182507030595084,post_development_diagnostic; calibration partition used for fitting calibrator
fixed_obs_prior,q1_policy,all,ALL,45540,3.619167941898819,0.730927537204811,0.6970656156314718,post_development_diagnostic; calibration partition used for fitting calibrator
fixed_obs_prior,q1_policy,train,ALL,31842,3.298804443352609,0.6528824096125689,0.6596149067953846,post_development_diagnostic; calibration partition used for fitting calibrator
fixed_obs_prior,q1_policy,cal,ALL,13698,4.363876258493097,0.8811123044657747,0.7998855965456212,post_development_diagnostic; calibration partition used for fitting calibrator
q0_policy_obs_prior_refit,q1_policy,all,ALL,45540,1.4751664276626173,0.8246723375596212,0.6881654221741146,post_development_diagnostic; calibration partition used for fitting calibrator
q0_policy_obs_prior_refit,q1_policy,train,ALL,31842,1.5251921291320398,0.8505164167005282,0.6713606244072636,post_development_diagnostic; calibration partition used for fitting calibrator
q0_policy_obs_prior_refit,q1_policy,cal,ALL,13698,1.3588780362047868,0.7940429945891142,0.7366106462794952,post_development_diagnostic; calibration partition used for fitting calibrator
